<?xml version="1.0" encoding="UTF-8" standalone="yes"?>
<addon id="plugin.program.dragonwizard" name="[COLOR yellow]Dragon[/COLOR]Wizard" version="1.0.0" provider-name="Team-TakeOne">
    <requires>
        <import addon="xbmc.python" version="3.0.0" />
        <import addon="script.module.requests" />
        <import addon="script.module.six" />
        <import addon="script.kodi.android.update" optional="true" version="1.1.7" />
        <import addon="script.speedtester" optional="true" version="1.1.2" />
    </requires>
    
    <extension point="xbmc.python.pluginsource" library="default.py">
        <provides>executable</provides>
    </extension>
    
    <extension point="xbmc.service" library="startup.py" start="startup" />
    
    <extension point="xbmc.addon.metadata">
        <summary lang="en">[COLOR yellow]Dragon[/COLOR]Wizard</summary>
        <description lang="en">[COLOR yellow]TakeOne-wizard[/COLOR]e um fork do ragnarok Wizard oferece muitos recursos de manutenção, economia seletiva de dados complementares e instalações de compilação automatizadas.</description>
        <platform>all</platform>
        <reuselanguageinvoker>false</reuselanguageinvoker>
        <source></source>
        <news>
1.0.0
  - Compromisso inicial
        </news>
        <assets>
            <icon>icon.png</icon>
            <fanart>fanart.png</fanart>
        </assets>
    </extension>
</addon>
