<?xml version="1.0" encoding="UTF-8" standalone="yes"?>
<addon id="plugin.video.vegeta.tv" name="[B][COLOR yellow]VEGETA TV[/COLOR][/B]" version="1.0.3" provider-name="TAKE ONE">
	<requires>
		<import addon="script.module.six" />
		<import addon="script.module.kodi-six" />
		<import addon="script.module.requests-cache"/>
		<import addon="script.module.requests"/>
		<import addon="script.module.websocket" version="0.50.0"  optional="true"/>
		<import addon="script.module.youtube.dl" optional="true"/>
		<import addon="plugin.video.youtube" optional="true" />
		<import addon="script.module.dateutil" optional="true" />
		<import addon="script.module.resolveurl" optional="true"/>
		<import addon="script.module.urlresolver" optional="true"/>
		<import addon="script.module.cloudscraper" optional="true"/>
		<import addon="script.module.inputstreamhelper" optional="true"/>
		<import addon="script.module.slproxy" optional="true"/>
	</requires>
	<extension point="xbmc.python.pluginsource" library="default.py">
		<provides>video</provides>
	</extension>

	<extension point="xbmc.addon.metadata">
		<summary>[COLOR white]ADDON [/COLOR][COLOR orange]VEGETA.TV[/COLOR]</summary>
		<description>
	[COLOR lime]ADDON oficial[/COLOR] [COLOR orange]VEGETA.TV[/COLOR] - Proibido reprodução total ou parcial sem prévia autorização [COLOR white]Addon [/COLOR][COLOR orange]VEGETA.TV[/COLOR] é de uso gratuito!!
		</description>
		<platform>all</platform>
		<assets>
		<icon>icon.png</icon>
		<fanart>fanart.jpg</fanart>
                <screenshot>resources/screenshots/1.jpg</screenshot>
                <screenshot>resources/screenshots/2.jpg</screenshot>
                <screenshot>resources/screenshots/3.jpg</screenshot>
         
		</assets>
	</extension>
</addon>
