<?xml version='1.0' encoding='utf-8'?>
<addon id="plugin.video.takeone" name="[B][COLOR white]Take[/COLOR][COLOR blue]One[/COLOR][/B]" version="0.7.0+py3" provider-name="TAKEONE">
  <requires>
    <import addon="xbmc.python" version="3.0.0" />
    <import addon="script.module.requests" version="2.22.0+matrix.1" />
    <import addon="script.module.dateutil" version="2.8.1+matrix.1" />
    <import addon="script.module.six" version="1.14.0+matrix.2" />
    <import addon="script.module.kodi-six" version="0.1.3+1" />
    <import addon="script.module.addon.signals" version="0.0.5+matrix.1" />
    <import addon="script.module.websocket" version="0.57.0+matrix.1" />
  </requires>
  <extension point="xbmc.python.pluginsource" library="default.py">
    <provides>video audio</provides>
    <medialibraryscanpath content="movies">library/movies</medialibraryscanpath>
  </extension>
  <extension point="xbmc.service" library="service.py" start="login" />
  <extension point="xbmc.addon.metadata">
    <platform>all</platform>
    <language>en</language>
    <license>GPL-2.0-only</license>
    <forum></forum>
    <website></website>
    <source></source>
    <summary lang="en_GB">Obrigado por usar este addon, Não temos fins lucrativos</summary>
    <description lang="en_GB">[COLOR maroon]PROIBIDO A VENDA E USO DO ADD-ON EM OUTRO REPOSITÓRIO SEM AUTORIZAÇÃO! CASO ACONTEÇA O ADDON SERÁ DESATIVADO![/COLOR]</description>
    <assets>
      <icon>icon.png</icon>
      <fanart>fanart.png</fanart>
	 <screenshot>resources/screenshots/01.png</screenshot>
    <screenshot>resources/screenshots/02.png</screenshot>
    <screenshot>resources/screenshots/03.png</screenshot>
          </assets>
  </extension>
</addon>
